,,PSNR,PSNR,SSIM,SSIM,RMSE,RMSE,MAE,MAE,Hit Rate,Hit Rate,FAR,FAR
,,mean,std,mean,std,mean,std,mean,std,mean,std,mean,std
Scale,Model,,,,,,,,,,,,
2m,DDS-SR,33.17968163212991,4.521682751897645,0.9680211091160927,0.025557675974176804,0.0073123593,0.0036099467,0.0020671564,0.0020636015,0.9543946958645433,0.05306109388964816,0.0189256104944347,0.031154488145716898
2m,FLO-SR,30.290105939905708,3.6533892600475952,0.9555655667213049,0.02880881490936954,0.01008125,0.004274664,0.0033893567,0.0028769,0.9551472796320915,0.04256931664226382,0.03378076025938426,0.05339212916577799
2m,LR,25.84032839603879,3.0502603316519217,0.9188988589587864,0.030658492067096272,0.016860135,0.0062576975,0.004785568,0.003076735,0.9450155560853588,0.04356799791469606,0.06782387116363583,0.05078432806013284
2m,UNet-SR,29.56991135989449,4.701026643161996,0.9428210334744623,0.039307475325306235,0.013819253,0.031389896,0.0042375475,0.01061119,0.9230220036091782,0.08304295349293031,0.0231621225499371,0.033536582361559306
4m,DDS-SR,28.421774746318736,4.75874202883721,0.9389823744772502,0.037686632370875224,0.012978819,0.0069970526,0.004540941,0.003872571,0.9211334479181282,0.0817693642690839,0.04593102294851636,0.07347808634658926
4m,FLO-SR,24.96966899329495,3.8674546704849537,0.8907145648956205,0.044797335578205484,0.018611802,0.0072098225,0.0066505456,0.0043189004,0.876021402197575,0.10094896443573441,0.057508485797396515,0.07780907023006552
4m,LR,21.734654826085148,3.114740754570645,0.8414000976622281,0.04984443980356037,0.027169082,0.010522081,0.009453889,0.0056196344,0.9053655092165576,0.06039901807214748,0.14143229072788085,0.10537768191189015
4m,UNet-SR,24.368390420151883,4.978652280776614,0.8834003289064029,0.06629408079125107,0.021163346,0.013204803,0.0075310413,0.005577758,0.8627484393039332,0.12232130214460707,0.08160275774181824,0.11720920213136761
8m,DDS-SR,25.27197250256069,4.348343324891093,0.9076809785417166,0.04916788172396849,0.01824615,0.00792599,0.006891855,0.0050027086,0.872544581471038,0.12636025657581706,0.0690489452173569,0.08458091010923027
8m,FLO-SR,20.846632369839014,3.3228444902255805,0.818867664350806,0.0662802498285388,0.030231278,0.013763575,0.012155184,0.0075396704,0.792184152651067,0.16051981856199213,0.09885524208260106,0.08386433088392667
8m,LR,17.80704601216814,3.0728424935874936,0.7411056612898543,0.07883971869076761,0.042861044,0.017251194,0.017145993,0.009397983,0.8354508110564554,0.10419836311838937,0.2460236964792878,0.1462619301522298
8m,UNet-SR,22.215819176753435,4.672761167817498,0.8656588008807167,0.07242137880353611,0.027445229,0.01897813,0.011226769,0.009480884,0.8102799422931249,0.18249907097613952,0.09753146594566986,0.11549723634462548
